"","Abiotic_Cover","Live_Cover","Halophyte_Cover","Freshwater_Cover","EMI","Salt_Ratio","Species_Richness","Shannon_Weiner"
"Abiotic_Cover",1,-0.999986090039039,-0.710674366775862,0.0973183642994321,0.486643733168075,-0.0934921817583284,-0.4955422067815,-0.45612865615579
"Live_Cover",-0.999986090039039,1,0.710508327173995,-0.0972017759526658,-0.486476011963725,0.0933163932074426,0.495959152767047,0.456553624057562
"Halophyte_Cover",-0.710674366775862,0.710508327173995,1,-0.328259000675106,-0.313157641632593,0.499252691485237,0.201769779024435,0.161700467737812
"Freshwater_Cover",0.0973183642994321,-0.0972017759526658,-0.328259000675106,1,-0.173467215130464,-0.669427005126735,0.296234472513393,0.304535615936348
"EMI",0.486643733168075,-0.486476011963725,-0.313157641632593,-0.173467215130464,1,0.13386422949188,-0.467982212445777,-0.394305904947465
"Salt_Ratio",-0.0934921817583284,0.0933163932074426,0.499252691485237,-0.669427005126735,0.13386422949188,1,-0.107756894101038,-0.134865173872862
"Species_Richness",-0.4955422067815,0.495959152767047,0.201769779024435,0.296234472513393,-0.467982212445777,-0.107756894101038,1,0.957332334219356
"Shannon_Weiner",-0.45612865615579,0.456553624057562,0.161700467737812,0.304535615936348,-0.394305904947465,-0.134865173872862,0.957332334219356,1
