"","Abiotic_Cover","Live_Cover","Halophyte_Cover","Freshwater_Cover","EMI","Salt_Ratio","Species_Richness","Shannon_Weiner"
"Abiotic_Cover",1,-0.999935019808732,-0.776551232035525,-0.00492364854882179,0.421758108266593,-0.051637778128507,-0.481150493116946,-0.430399002008234
"Live_Cover",-0.999935019808732,1,0.776237173424256,0.00493677402486687,-0.421732137670856,0.0507334653353498,0.482091929248767,0.431402774268956
"Halophyte_Cover",-0.776551232035525,0.776237173424256,1,-0.212044781075461,-0.292494605625853,0.353461353211695,0.282067418991039,0.256385070452845
"Freshwater_Cover",-0.00492364854882179,0.00493677402486687,-0.212044781075461,1,-0.0874043435294349,-0.586779528936779,0.42453848237401,0.375188440360492
"EMI",0.421758108266593,-0.421732137670856,-0.292494605625853,-0.0874043435294349,1,0.124459821522838,-0.446680865567837,-0.357068914605688
"Salt_Ratio",-0.051637778128507,0.0507334653353498,0.353461353211695,-0.586779528936779,0.124459821522838,1,-0.232589016015721,-0.213989750715605
"Species_Richness",-0.481150493116946,0.482091929248767,0.282067418991039,0.42453848237401,-0.446680865567837,-0.232589016015721,1,0.952944800607402
"Shannon_Weiner",-0.430399002008234,0.431402774268956,0.256385070452845,0.375188440360492,-0.357068914605688,-0.213989750715605,0.952944800607402,1
