,x.Abiotic_Cover,x.Live_Cover,x.Halophyte_Cover,x.Freshwater_Cover,x.EMI,x.Salt_Ratio,x.Species_Richness,x.Shannon_Weiner
x.Abiotic_Cover,1,-0.99993502,-0.776551232,-0.004923649,0.421758108,-0.523368476,-0.481150493,-0.430399002
x.Live_Cover,-0.99993502,1,0.776237173,0.004936774,-0.421732138,0.523780662,0.482091929,0.431402774
x.Halophyte_Cover,-0.776551232,0.776237173,1,-0.212044781,-0.292494606,0.580592172,0.282067419,0.25638507
x.Freshwater_Cover,-0.004923649,0.004936774,-0.212044781,1,-0.087404344,-0.171484151,0.424538482,0.37518844
x.EMI,0.421758108,-0.421732138,-0.292494606,-0.087404344,1,-0.147044953,-0.446680866,-0.357068915
x.Salt_Ratio,-0.523368476,0.523780662,0.580592172,-0.171484151,-0.147044953,1,0.345670493,0.284057476
x.Species_Richness,-0.481150493,0.482091929,0.282067419,0.424538482,-0.446680866,0.345670493,1,0.952944801
x.Shannon_Weiner,-0.430399002,0.431402774,0.25638507,0.37518844,-0.357068915,0.284057476,0.952944801,1
