"","Abiotic_Cover","Live_Cover","Halophyte_Cover","Freshwater_Cover","EMI","Salt_Ratio","Species_Richness","Shannon_Weiner"
"Abiotic_Cover",NA,0,0,0.919482633374709,0,0.288755415578696,0,0
"Live_Cover",0,NA,0,0.919268720365305,0,0.297294254724034,0,0
"Halophyte_Cover",0,0,NA,1.06491802867037e-05,8.26069879167335e-10,6.3726801613484e-14,3.39142580685348e-09,8.62938349666109e-08
"Freshwater_Cover",0.919482633374709,0.919268720365305,1.06491802867037e-05,NA,0.0721937141094462,0,0,1.33226762955019e-15
"EMI",0,0,8.26069879167335e-10,0.0721937141094462,NA,0.0103116332542377,0,3.39728245535298e-14
"Salt_Ratio",0.288755415578696,0.297294254724034,6.3726801613484e-14,0,0.0103116332542377,NA,1.28719294245627e-06,8.79317520730005e-06
"Species_Richness",0,0,3.39142580685348e-09,0,0,1.28719294245627e-06,NA,0
"Shannon_Weiner",0,0,8.62938349666109e-08,1.33226762955019e-15,3.39728245535298e-14,8.79317520730005e-06,0,NA
