"","Abiotic_Cover","Live_Cover","Halophyte_Cover","Freshwater_Cover","EMI","Salt_Ratio","Species_Richness","Shannon_Weiner"
"Abiotic_Cover",NA,0,0,0.0452043400580582,0,0.0543979902681893,0,0
"Live_Cover",0,NA,0,0.0454638549608588,0,0.0548552481862761,0,0
"Halophyte_Cover",0,0,NA,4.13957756961736e-12,4.22673007705043e-11,0,2.84471275671105e-05,0.000832355499227777
"Freshwater_Cover",0.0452043400580582,0.0454638549608588,4.13957756961736e-12,NA,0.000332450629168424,0,4.90754104021107e-10,1.50346401994739e-10
"EMI",0,0,4.22673007705043e-11,0.000332450629168424,NA,0.00576720833652411,0,0
"Salt_Ratio",0.0543979902681893,0.0548552481862761,0,0,0.00576720833652411,NA,0.0265027852313278,0.00540976294413387
"Species_Richness",0,0,2.84471275671105e-05,4.90754104021107e-10,0,0.0265027852313278,NA,0
"Shannon_Weiner",0,0,0.000832355499227777,1.50346401994739e-10,0,0.00540976294413387,0,NA
